53a7ab,::1,POST,http://localhost/drupal_theming/admin/config/development/devel/webprofiler,1598010001,53a7ab,303
67f468,::1,GET,http://localhost/drupal_theming/admin/config/development/devel/webprofiler,1598010001,67f468,200
6c8f17,::1,POST,http://localhost/drupal_theming/admin/config/development/devel/webprofiler,1598010022,6c8f17,303
1d6f86,::1,GET,http://localhost/drupal_theming/admin/config/development/devel/webprofiler,1598010022,1d6f86,200
5ae210,::1,GET,http://localhost/drupal_theming/admin/config/development/devel/toolbar,1598010028,5ae210,200
066e20,::1,POST,http://localhost/drupal_theming/admin/config/development/devel/toolbar,1598010038,066e20,200
4d38d4,::1,GET,http://localhost/drupal_theming/admin/config/development/devel,1598010049,4d38d4,200
c57ae2,::1,GET,http://localhost/drupal_theming/,1598010063,c57ae2,200
126f24,::1,POST,http://localhost/drupal_theming/quickedit/attachments?_wrapper_format=drupal_ajax,1598010065,126f24,200
79b0e0,::1,GET,http://localhost/drupal_theming/admin/reports/profiler/view/e2c919,1598010067,79b0e0,200
89eb6b,::1,GET,http://localhost/drupal_theming/admin/reports/profiler/view/e2c919,1598010067,89eb6b,404
0386cf,::1,GET,http://localhost/drupal_theming/admin/modules,1598010084,0386cf,200
13ab58,::1,GET,http://localhost/drupal_theming/admin/config/development/devel,1598010097,13ab58,200
69ecf8,::1,GET,http://localhost/drupal_theming/admin/config/development/devel/toolbar,1598010099,69ecf8,200
fbc89b,::1,GET,http://localhost/drupal_theming/admin/config/development/devel/webprofiler,1598010101,fbc89b,200
9af644,::1,GET,http://localhost/drupal_theming/admin/config/development/devel/toolbar,1598010104,9af644,200
88d36c,::1,GET,http://localhost/drupal_theming/admin/modules/uninstall,1598010181,88d36c,200
d5e722,::1,POST,http://localhost/drupal_theming/admin/modules/uninstall,1598010190,d5e722,303
